{
  "version": "1.0",
  "exportTime": "2026-01-09T08:00:00.000Z",
  "description": "腰突康复完整训练计划 - 整合专业康复方案（cursor + qwen）",
  "data": {
    "plans": [
      {
        "id": "yellow_recovery",
        "name": "🟡 黄灯恢复计划（亚急性期）",
        "createdAt": "2026-01-09T08:00:00.000Z",
        "exercises": [
          {
            "id": "yellow_01",
            "name": "踝泵",
            "type": "reps",
            "reps": 17,
            "sets": 2,
            "setRest": 30,
            "description": "平躺或坐，双脚用力勾脚（脚尖向小腿），保持2-3秒，再用力绷脚（脚尖向前），保持2-3秒。\n\n【重点】缓慢有控制，做到最大幅度。\n【作用】促进血液循环，为腰部带来修复养分。\n【错误】动作过快像抖脚，应该是有控制的'泵'。",
            "createdAt": "2026-01-09T08:00:00.000Z"
          },
          {
            "id": "yellow_02",
            "name": "骨盆倾斜（微小幅度）",
            "type": "reps",
            "reps": 12,
            "sets": 1,
            "setRest": 0,
            "description": "平躺屈膝，腰下有自然空隙。极其轻柔地将骨盆向胸口倾斜，让腰部空隙几乎消失，再回到自然位置。\n\n【重点】动作幅度极小，像让'一滴水'溢出。\n【铁律】全程绝对无痛！如有不适立即减小幅度。\n【作用】松动僵硬关节，打破疼痛循环。",
            "createdAt": "2026-01-09T08:00:00.000Z"
          }
        ]
      },
      {
        "id": "warmup_universal",
        "name": "🔥 通用热身计划",
        "createdAt": "2026-01-09T08:00:00.000Z",
        "exercises": [
          {
            "id": "warmup_01",
            "name": "猫牛式",
            "type": "reps",
            "reps": 10,
            "sets": 1,
            "setRest": 0,
            "description": "四足跪姿，手肘在肩下，膝盖在髋下。\n\n【吸气-牛式】塌腰抬头，眼看天花板\n【呼气-猫式】拱背低头，眼看肚子\n\n【重点】一定要配合呼吸，一呼一吸为1次，动作流畅。\n【作用】润滑腰椎，活动整个脊柱，防止突然运动拉伤。\n【错误】动作僵硬不连贯，或呼吸与动作不配合。",
            "createdAt": "2026-01-09T08:00:00.000Z"
          },
          {
            "id": "warmup_02",
            "name": "骨盆倾斜",
            "type": "reps",
            "reps": 17,
            "sets": 1,
            "setRest": 0,
            "description": "平躺屈膝，腰下有自然空隙。呼气时轻柔收缩下腹，将腰部压向地面；吸气时放松回到自然位置。\n\n【重点】臀部始终不离开地面，只是骨盆的轻微倾斜。\n【作用】核心'开机'程序，激活深层核心肌肉。\n【检查】手放腰下，感受空隙的微小变化。",
            "createdAt": "2026-01-09T08:00:00.000Z"
          },
          {
            "id": "warmup_03",
            "name": "臀桥（轻量）",
            "type": "reps",
            "reps": 15,
            "sets": 1,
            "setRest": 0,
            "description": "平躺屈膝，双脚与髋同宽。呼气时用臀部发力向上顶起，顶峰夹紧臀部1秒，吸气缓慢下放。\n\n【重点】用臀部而非腰部发力！\n【检查】感觉臀部比腰部更酸才对。\n【作用】为第三阶段训练热身，激活臀肌。\n【错误】顶太高或用腰拱起来，应控制高度。",
            "createdAt": "2026-01-09T08:00:00.000Z"
          }
        ]
      },
      {
        "id": "stage1_awakening",
        "name": "🌱 第一阶段：松解与唤醒（1-3周）",
        "createdAt": "2026-01-09T08:00:00.000Z",
        "exercises": [
          {
            "id": "s1_ex01",
            "name": "死虫式（左侧）",
            "type": "reps",
            "reps": 10,
            "sets": 3,
            "setRest": 45,
            "description": "平躺，腰部压实地面。抬腿至桌面姿势（大腿垂直，小腿水平），双手举向天花板。\n\n呼气，缓慢下放【右手和左脚】至接近地面，吸气收回。换边重复。\n\n【铁律】腰部全程不能出现空隙！一旦腰部悬空，立刻减小动作幅度。\n【作用】安全训练核心稳定性，建立正确的神经连接。\n【检查】手放腰下，确保一直贴着地面。",
            "createdAt": "2026-01-09T08:00:00.000Z"
          },
          {
            "id": "s1_ex02",
            "name": "死虫式（右侧）",
            "type": "reps",
            "reps": 10,
            "sets": 3,
            "setRest": 45,
            "description": "平躺，腰部压实地面。抬腿至桌面姿势，双手举向天花板。\n\n呼气，缓慢下放【左手和右脚】至接近地面，吸气收回。换边重复。\n\n【铁律】腰部全程不能出现空隙！\n【作用】训练对侧核心协调性。\n【检查】确保左右两侧感觉一致，无偏侧。",
            "createdAt": "2026-01-09T08:00:00.000Z"
          },
          {
            "id": "s1_ex03",
            "name": "臀桥",
            "type": "reps",
            "reps": 13,
            "sets": 3,
            "setRest": 45,
            "description": "平躺屈膝，双脚与髋同宽，脚跟靠近臀部。呼气，用【臀部】发力向上顶起，顶峰夹紧臀部1-2秒，吸气逐节缓慢下放。\n\n【核心要点】感觉臀部比腰部更酸！若腰酸说明顶太高或用腰发力了。\n【作用】激活臀肌，为腰椎分担压力。\n【错误】只用腰部拱起来，臀部没有收紧。\n【检查】手摸臀部，确认臀肌在发力。",
            "createdAt": "2026-01-09T08:00:00.000Z"
          },
          {
            "id": "s1_ex04",
            "name": "仰卧抱膝（左侧）",
            "type": "duration",
            "duration": 30,
            "sets": 2,
            "setRest": 30,
            "description": "仰卧，左腿弯曲，双手抱住左膝轻柔拉向胸口，感觉下背部和臀部有温和拉伸感即可。\n\n【重点】不要猛用力，应该温和舒适。\n【作用】拉伸下背部和臀部，缓解僵硬。\n【感觉】应该感到'舒服的拉伸'，不是疼痛。\n【呼吸】保持均匀呼吸，呼气时可轻微加深拉伸。",
            "createdAt": "2026-01-09T08:00:00.000Z"
          },
          {
            "id": "s1_ex05",
            "name": "仰卧抱膝（右侧）",
            "type": "duration",
            "duration": 30,
            "sets": 2,
            "setRest": 30,
            "description": "仰卧，右腿弯曲，双手抱住右膝轻柔拉向胸口，感觉下背部和臀部有温和拉伸感。\n\n【重点】动作要对称，左右两侧感觉应该一致。\n【作用】拉伸下背部，告别僵硬。\n【检查】如果一侧明显更紧，可以多做1组该侧。",
            "createdAt": "2026-01-09T08:00:00.000Z"
          },
          {
            "id": "s1_ex06",
            "name": "仰卧抱膝（双侧）",
            "type": "duration",
            "duration": 30,
            "sets": 2,
            "setRest": 30,
            "description": "仰卧，双腿弯曲，双手分别抱住两侧膝盖，轻柔拉向胸口，让下背部完全贴地。\n\n【重点】比单侧拉伸更深，但仍要温和。\n【作用】全面拉伸整个下背部，缓解紧张。\n【阶段目标】做完后应感觉腰部比之前灵活，不是累。\n【提示】如感到特别僵硬的日子，多做这个动作。",
            "createdAt": "2026-01-09T08:00:00.000Z"
          }
        ]
      },
      {
        "id": "stage2_core_strength",
        "name": "💪 第二阶段：核心强化（2-7周）",
        "createdAt": "2026-01-09T08:00:00.000Z",
        "exercises": [
          {
            "id": "s2_ex01",
            "name": "鸟狗式（左侧）",
            "type": "reps",
            "reps": 11,
            "sets": 3,
            "setRest": 60,
            "description": "四足跪姿，背部平直。呼气，缓慢伸直【右手和左脚】，保持躯干纹丝不动1-2秒，吸气收回。\n\n【核心要点】躯干要像钢板一样稳定，不能晃动或旋转。\n【想象】背上放了一杯水，水不能洒出来！\n【作用】训练核心的'抗旋转'能力，防止弯腰时闪腰。\n【错误】身体左右晃动，或背部拱起/塌陷。\n【检查】从侧面看，伸出的手、背部、伸出的腿应在一条直线上。",
            "createdAt": "2026-01-09T08:00:00.000Z"
          },
          {
            "id": "s2_ex02",
            "name": "鸟狗式（右侧）",
            "type": "reps",
            "reps": 11,
            "sets": 3,
            "setRest": 60,
            "description": "四足跪姿，背部平直。呼气，缓慢伸直【左手和右脚】，保持躯干纹丝不动1-2秒，吸气收回。\n\n【核心要点】核心收紧，不让身体晃动。\n【作用】训练对侧协调和稳定性。\n【检查】左右两侧难度应该一致，如果一侧明显更难，说明有不对称。",
            "createdAt": "2026-01-09T08:00:00.000Z"
          },
          {
            "id": "s2_ex03",
            "name": "进阶臀桥（左侧）",
            "type": "reps",
            "reps": 9,
            "sets": 3,
            "setRest": 60,
            "description": "平躺屈膝，先做标准臀桥顶起。在顶峰位置，缓慢抬起【右脚】离开地面，保持骨盆水平不掉落2-3秒，放下右脚。\n\n【核心要点】抬脚时，【左侧臀部】（支撑侧）不能塌陷，骨盆保持水平。\n【作用】增加单侧稳定性挑战。\n【错误】抬脚时骨盆歪斜或掉下来。\n【检查】可以在骨盆上放一本书，书不能掉。",
            "createdAt": "2026-01-09T08:00:00.000Z"
          },
          {
            "id": "s2_ex04",
            "name": "进阶臀桥（右侧）",
            "type": "reps",
            "reps": 9,
            "sets": 3,
            "setRest": 60,
            "description": "平躺屈膝，先做标准臀桥顶起。在顶峰位置，缓慢抬起【左脚】离开地面，保持骨盆水平2-3秒，放下左脚。\n\n【核心要点】【右侧臀部】（支撑侧）要强力收紧，稳住骨盆。\n【检查】确保左右两侧都能稳定控制。",
            "createdAt": "2026-01-09T08:00:00.000Z"
          },
          {
            "id": "s2_ex05",
            "name": "跪姿背部挺身",
            "type": "reps",
            "reps": 12,
            "sets": 2,
            "setRest": 60,
            "description": "俯卧（趴着），双手抱头。用腰部力量把上半身缓慢抬起，抬到舒适高度即可（不要抬太高），保持1秒，缓慢放下。\n\n【关键】是用【腰部】发力，不是用手臂撑起来！\n【作用】直接训练腰部肌肉力量。\n【高度】抬到能保持腰部舒适的高度，通常肩部离地10-15厘米即可。\n【错误】用脖子或手臂发力，或抬得太高挤压腰椎。\n【检查】如果第二天腰部酸痛，说明动作变形或抬太高了，请减量。",
            "createdAt": "2026-01-09T08:00:00.000Z"
          }
        ]
      },
      {
        "id": "stage3_consolidation",
        "name": "🏋️ 第三阶段：巩固与功能（4-12周）",
        "createdAt": "2026-01-09T08:00:00.000Z",
        "exercises": [
          {
            "id": "s3_ex01",
            "name": "标准平板支撑",
            "type": "duration",
            "duration": 30,
            "sets": 3,
            "setRest": 75,
            "description": "俯卧，前臂和脚尖支撑。手肘在肩膀正下方，收紧腹部和臀部，身体从头到脚后跟呈一条笔直钢板。眼看两手间地面。\n\n【铁律】一旦下背部（腰部）开始酸痛，说明核心力竭、姿势变形（塌腰），立即停止！\n【重点】宁可缩短5秒，不能牺牲姿势。不要憋气！\n【错误】臀部撅高（偷懒）或腰部塌陷（危险）。\n【检查】用镜子或录像从侧面看，身体必须是直线。\n【进阶】从能保持完美姿势的最长时间开始（如20秒），每周增加5秒。",
            "createdAt": "2026-01-09T08:00:00.000Z"
          },
          {
            "id": "s3_ex02",
            "name": "侧平板支撑（左侧）",
            "type": "duration",
            "duration": 30,
            "sets": 3,
            "setRest": 75,
            "description": "右侧躺，右前臂和右脚外侧支撑，右肘在肩下。收紧侧腰和臀部，抬起髋部，身体从头到脚成笔直斜线。左手可放髋部或向上伸直。\n\n【核心要点】不要让髋部向下掉！想象有绳子从天花板吊住你的髋部。\n【作用】强化侧向核心（腰方肌），防止侧向失稳。\n【错误】身体前倾或后倾，应保持肩和髋在一个垂直平面。\n【检查】如果髋部开始下沉，说明力竭，立即停止。",
            "createdAt": "2026-01-09T08:00:00.000Z"
          },
          {
            "id": "s3_ex03",
            "name": "侧平板支撑（右侧）",
            "type": "duration",
            "duration": 30,
            "sets": 3,
            "setRest": 75,
            "description": "左侧躺，左前臂和左脚外侧支撑，左肘在肩下。收紧侧腰和臀部，抬起髋部，身体成直线。右手可放髋部或向上伸。\n\n【核心要点】髋部不下掉，保持身体稳定。\n【检查】左右两侧时间应该接近，如差距大说明不对称。",
            "createdAt": "2026-01-09T08:00:00.000Z"
          },
          {
            "id": "s3_ex04",
            "name": "自重深蹲",
            "type": "reps",
            "reps": 12,
            "sets": 3,
            "setRest": 75,
            "description": "站立，双脚略宽于肩，脚尖稍向外。吸气，想象身后有椅子，臀部向后向下坐，保持腰背挺直。下蹲至大腿与地面平行或能保持背部挺直的最低位。呼气，用脚掌蹬地，臀部发力推回起始位。\n\n【铁律】背部必须是直的！如果开始含胸弓背，说明蹲太深了。\n【作用】训练全身协调和下肢力量，强化'用腿发力'的模式。\n【错误】1.膝盖内扣 2.脚后跟抬起 3.用腰站起来。\n【检查】膝盖始终与脚尖方向一致，重心在全脚掌，启动时臀部在发力。",
            "createdAt": "2026-01-09T08:00:00.000Z"
          },
          {
            "id": "s3_ex05",
            "name": "侧支撑抬髋（左侧）",
            "type": "reps",
            "reps": 10,
            "sets": 2,
            "setRest": 45,
            "description": "右侧卧，右手肘撑地。身体侧面成一条直线，不要前倾或后仰。反复上下抬起放下髋部，但不要让髋部完全落地。\n\n【重点】动态训练，有节奏地上下移动。\n【作用】动态侧向核心训练，比静态侧平板更有挑战。\n【错误】身体前后晃动，或完全落地失去张力。\n【幅度】髋部上到身体成直线，下到接近地面即可。",
            "createdAt": "2026-01-09T08:00:00.000Z"
          },
          {
            "id": "s3_ex06",
            "name": "侧支撑抬髋（右侧）",
            "type": "reps",
            "reps": 10,
            "sets": 2,
            "setRest": 45,
            "description": "左侧卧，左手肘撑地。身体成直线，反复上下抬起放下髋部。\n\n【重点】保持身体稳定，不前后晃动。\n【检查】左右两侧应该同样有挑战。",
            "createdAt": "2026-01-09T08:00:00.000Z"
          },
          {
            "id": "s3_ex07",
            "name": "小燕飞（改良版）",
            "type": "reps",
            "reps": 11,
            "sets": 2,
            "setRest": 60,
            "description": "俯卧，手脚伸直。缓慢抬起上半身和双臂，【腿只需离地即可，不要抬高】，保持1-2秒，缓慢放下。\n\n【关键】这是改良版，腿不抬高或只微微离地，避免过度挤压椎间盘！\n【作用】训练背部肌肉，增强后链力量。\n【错误】腿抬太高，会过度挤压腰椎。\n【检查】应该感觉上背部在发力，腰部不应有挤压痛。\n【安全】如感到腰部不适，只抬上半身，腿完全不抬。",
            "createdAt": "2026-01-09T08:00:00.000Z"
          }
        ]
      },
      {
        "id": "stage4_maintenance",
        "name": "🌟 第四阶段：终身维护（长期）",
        "createdAt": "2026-01-09T08:00:00.000Z",
        "exercises": [
          {
            "id": "s4_ex01",
            "name": "髋关节铰链",
            "type": "reps",
            "reps": 15,
            "sets": 2,
            "setRest": 60,
            "description": "站立，膝盖微曲，双手放大腿上。吸气，想象【用屁股去开身后的门】，臀部直直向后推，保持背部全程挺直，上半身自然前倾。呼气，收紧臀部向前顶，回到直立。\n\n【终极检查】拿根棍子竖直贴背后，应同时接触【头后、上背、尾骨】三点，动作中三点不离开！\n【重要性】这是您必须掌握的最重要生活技能！\n【应用】将它变成捡东西、洗脸、拿东西的唯一模式。\n【作用】教会您用臀腿而非腰椎来弯腰，保护腰椎一辈子。",
            "createdAt": "2026-01-09T08:00:00.000Z"
          },
          {
            "id": "s4_ex02",
            "name": "组合训练：死虫式",
            "type": "reps",
            "reps": 15,
            "sets": 2,
            "setRest": 60,
            "description": "从第一阶段经典动作，保持核心稳定性。平躺，腰部压实地面，对侧手脚下放。\n\n【维护作用】保持核心稳定性不退化。\n【要点】腰部全程贴地，动作慢而有控制。",
            "createdAt": "2026-01-09T08:00:00.000Z"
          },
          {
            "id": "s4_ex03",
            "name": "组合训练：臀桥",
            "type": "reps",
            "reps": 20,
            "sets": 2,
            "setRest": 60,
            "description": "经典臀桥，用臀部发力顶起，顶峰夹紧臀部。\n\n【维护作用】保持臀肌激活，为腰椎分担压力。\n【提示】这个动作永远不会过时，是终身的伙伴。",
            "createdAt": "2026-01-09T08:00:00.000Z"
          },
          {
            "id": "s4_ex04",
            "name": "组合训练：鸟狗式",
            "type": "reps",
            "reps": 15,
            "sets": 2,
            "setRest": 60,
            "description": "四足跪姿，对侧手脚伸直，躯干纹丝不动。\n\n【维护作用】保持抗旋转能力和平衡。\n【想象】背上的水杯不能洒。",
            "createdAt": "2026-01-09T08:00:00.000Z"
          },
          {
            "id": "s4_ex05",
            "name": "组合训练：平板支撑",
            "type": "duration",
            "duration": 45,
            "sets": 2,
            "setRest": 60,
            "description": "标准平板支撑，保持完美姿势。\n\n【维护作用】保持整体核心耐力。\n【提示】您现在应该能轻松坚持45-60秒了。",
            "createdAt": "2026-01-09T08:00:00.000Z"
          }
        ]
      },
      {
        "id": "cooldown_stretch",
        "name": "🧘 拉伸整理计划（训练后）",
        "createdAt": "2026-01-09T08:00:00.000Z",
        "exercises": [
          {
            "id": "cd_ex01",
            "name": "猫牛式",
            "type": "reps",
            "reps": 10,
            "sets": 1,
            "setRest": 0,
            "description": "四足跪姿。吸气塌腰抬头（牛式，看天花板），呼气拱背低头（猫式，看肚子）。温和地活动整个脊柱。\n\n【作用】帮助肌肉恢复弹性，缓解训练后的紧张。\n【要点】动作流畅配合呼吸，一呼一吸为1次。\n【感觉】应该感到脊柱被'按摩'，很舒服。",
            "createdAt": "2026-01-09T08:00:00.000Z"
          },
          {
            "id": "cd_ex02",
            "name": "仰卧抱膝（双侧）",
            "type": "duration",
            "duration": 25,
            "sets": 3,
            "setRest": 20,
            "description": "平躺，双腿弯曲，双手抱膝轻柔拉向胸口，感受下背部和臀部温和拉伸。\n\n【要点】拉伸应温和，感觉'有拉伸感'即可，不应疼痛。\n【呼吸】保持深长平稳的呼吸，呼气时可轻微加深拉伸。\n【作用】放松下背部，缓解训练后的紧张。\n【时机】训练后或感到腰部僵硬时。",
            "createdAt": "2026-01-09T08:00:00.000Z"
          }
        ]
      }
    ],
    "activePlanId": "stage1_awakening",
    "settings": {
      "voiceRate": 1.0,
      "voiceVolume": 1.0,
      "prepareTime": 10
    }
  }
}
