{
  "version": "1.0",
  "exportTime": "2026-01-09T08:00:00.000Z",
  "data": {
    "plans": [
      {
        "id": "warmup_universal",
        "name": "🔥 通用热身计划",
        "createdAt": "2026-01-09T08:00:00.000Z",
        "exercises": [
          {
            "id": "warmup_01",
            "name": "猫牛式",
            "type": "reps",
            "reps": 10,
            "sets": 1,
            "setRest": 0,
            "description": "四足跪姿，手肘在肩下，膝盖在髋下。\n\n【吸气-牛式】塌腰抬头，眼看天花板\n【呼气-猫式】拱背低头，眼看肚子\n\n【重点】一定要配合呼吸，一呼一吸为1次，动作流畅。\n【作用】润滑腰椎，活动整个脊柱，防止突然运动拉伤。\n【错误】动作僵硬不连贯，或呼吸与动作不配合。",
            "createdAt": "2026-01-09T08:00:00.000Z"
          },
          {
            "id": "warmup_02",
            "name": "骨盆倾斜",
            "type": "reps",
            "reps": 17,
            "sets": 1,
            "setRest": 0,
            "description": "平躺屈膝，腰下有自然空隙。呼气时轻柔收缩下腹，将腰部压向地面；吸气时放松回到自然位置。\n\n【重点】臀部始终不离开地面，只是骨盆的轻微倾斜。\n【作用】核心'开机'程序，激活深层核心肌肉。\n【检查】手放腰下，感受空隙的微小变化。",
            "createdAt": "2026-01-09T08:00:00.000Z"
          },
          {
            "id": "warmup_03",
            "name": "臀桥（轻量）",
            "type": "reps",
            "reps": 15,
            "sets": 1,
            "setRest": 0,
            "description": "平躺屈膝，双脚与髋同宽。呼气时用臀部发力向上顶起，顶峰夹紧臀部1秒，吸气缓慢下放。\n\n【重点】用臀部而非腰部发力！\n【检查】感觉臀部比腰部更酸才对。\n【作用】为第三阶段训练热身，激活臀肌。\n【错误】顶太高或用腰拱起来，应控制高度。",
            "createdAt": "2026-01-09T08:00:00.000Z"
          }
        ]
      }
    ],
    "activePlanId": "warmup_universal",
    "settings": {
      "voiceRate": 1.0,
      "voiceVolume": 1.0,
      "prepareTime": 10
    }
  }
}
