{
  "version": "1.0",
  "exportTime": "2026-01-09T08:00:00.000Z",
  "data": {
    "plans": [
      {
        "id": "stage1_awakening",
        "name": "🌱 第一阶段：松解与唤醒（1-3周）",
        "createdAt": "2026-01-09T08:00:00.000Z",
        "exercises": [
          {
            "id": "s1_ex01",
            "name": "死虫式（左侧）",
            "type": "reps",
            "reps": 10,
            "sets": 3,
            "setRest": 45,
            "description": "平躺，腰部压实地面。抬腿至桌面姿势（大腿垂直，小腿水平），双手举向天花板。\n\n呼气，缓慢下放【右手和左脚】至接近地面，吸气收回。换边重复。\n\n【铁律】腰部全程不能出现空隙！一旦腰部悬空，立刻减小动作幅度。\n【作用】安全训练核心稳定性，建立正确的神经连接。\n【检查】手放腰下，确保一直贴着地面。",
            "createdAt": "2026-01-09T08:00:00.000Z"
          },
          {
            "id": "s1_ex02",
            "name": "死虫式（右侧）",
            "type": "reps",
            "reps": 10,
            "sets": 3,
            "setRest": 45,
            "description": "平躺，腰部压实地面。抬腿至桌面姿势，双手举向天花板。\n\n呼气，缓慢下放【左手和右脚】至接近地面，吸气收回。换边重复。\n\n【铁律】腰部全程不能出现空隙！\n【作用】训练对侧核心协调性。\n【检查】确保左右两侧感觉一致，无偏侧。",
            "createdAt": "2026-01-09T08:00:00.000Z"
          },
          {
            "id": "s1_ex03",
            "name": "臀桥",
            "type": "reps",
            "reps": 13,
            "sets": 3,
            "setRest": 45,
            "description": "平躺屈膝，双脚与髋同宽，脚跟靠近臀部。呼气，用【臀部】发力向上顶起，顶峰夹紧臀部1-2秒，吸气逐节缓慢下放。\n\n【核心要点】感觉臀部比腰部更酸！若腰酸说明顶太高或用腰发力了。\n【作用】激活臀肌，为腰椎分担压力。\n【错误】只用腰部拱起来，臀部没有收紧。\n【检查】手摸臀部，确认臀肌在发力。",
            "createdAt": "2026-01-09T08:00:00.000Z"
          },
          {
            "id": "s1_ex04",
            "name": "仰卧抱膝（左侧）",
            "type": "duration",
            "duration": 30,
            "sets": 2,
            "setRest": 30,
            "description": "仰卧，左腿弯曲，双手抱住左膝轻柔拉向胸口，感觉下背部和臀部有温和拉伸感即可。\n\n【重点】不要猛用力，应该温和舒适。\n【作用】拉伸下背部和臀部，缓解僵硬。\n【感觉】应该感到'舒服的拉伸'，不是疼痛。\n【呼吸】保持均匀呼吸，呼气时可轻微加深拉伸。",
            "createdAt": "2026-01-09T08:00:00.000Z"
          },
          {
            "id": "s1_ex05",
            "name": "仰卧抱膝（右侧）",
            "type": "duration",
            "duration": 30,
            "sets": 2,
            "setRest": 30,
            "description": "仰卧，右腿弯曲，双手抱住右膝轻柔拉向胸口，感觉下背部和臀部有温和拉伸感。\n\n【重点】动作要对称，左右两侧感觉应该一致。\n【作用】拉伸下背部，告别僵硬。\n【检查】如果一侧明显更紧，可以多做1组该侧。",
            "createdAt": "2026-01-09T08:00:00.000Z"
          },
          {
            "id": "s1_ex06",
            "name": "仰卧抱膝（双侧）",
            "type": "duration",
            "duration": 30,
            "sets": 2,
            "setRest": 30,
            "description": "仰卧，双腿弯曲，双手分别抱住两侧膝盖，轻柔拉向胸口，让下背部完全贴地。\n\n【重点】比单侧拉伸更深，但仍要温和。\n【作用】全面拉伸整个下背部，缓解紧张。\n【阶段目标】做完后应感觉腰部比之前灵活，不是累。\n【提示】如感到特别僵硬的日子，多做这个动作。",
            "createdAt": "2026-01-09T08:00:00.000Z"
          }
        ]
      }
    ],
    "activePlanId": "stage1_awakening",
    "settings": {
      "voiceRate": 1.0,
      "voiceVolume": 1.0,
      "prepareTime": 10
    }
  }
}
