{
  "version": "1.0",
  "exportTime": "2026-01-09T08:00:00.000Z",
  "data": {
    "plans": [
      {
        "id": "stage2_core_strength",
        "name": "💪 第二阶段：核心强化（2-7周）",
        "createdAt": "2026-01-09T08:00:00.000Z",
        "exercises": [
          {
            "id": "s2_ex01",
            "name": "鸟狗式（左侧）",
            "type": "reps",
            "reps": 11,
            "sets": 3,
            "setRest": 60,
            "description": "四足跪姿，背部平直。呼气，缓慢伸直【右手和左脚】，保持躯干纹丝不动1-2秒，吸气收回。\n\n【核心要点】躯干要像钢板一样稳定，不能晃动或旋转。\n【想象】背上放了一杯水，水不能洒出来！\n【作用】训练核心的'抗旋转'能力，防止弯腰时闪腰。\n【错误】身体左右晃动，或背部拱起/塌陷。\n【检查】从侧面看，伸出的手、背部、伸出的腿应在一条直线上。",
            "createdAt": "2026-01-09T08:00:00.000Z"
          },
          {
            "id": "s2_ex02",
            "name": "鸟狗式（右侧）",
            "type": "reps",
            "reps": 11,
            "sets": 3,
            "setRest": 60,
            "description": "四足跪姿，背部平直。呼气，缓慢伸直【左手和右脚】，保持躯干纹丝不动1-2秒，吸气收回。\n\n【核心要点】核心收紧，不让身体晃动。\n【作用】训练对侧协调和稳定性。\n【检查】左右两侧难度应该一致，如果一侧明显更难，说明有不对称。",
            "createdAt": "2026-01-09T08:00:00.000Z"
          },
          {
            "id": "s2_ex03",
            "name": "进阶臀桥（左侧）",
            "type": "reps",
            "reps": 9,
            "sets": 3,
            "setRest": 60,
            "description": "平躺屈膝，先做标准臀桥顶起。在顶峰位置，缓慢抬起【右脚】离开地面，保持骨盆水平不掉落2-3秒，放下右脚。\n\n【核心要点】抬脚时，【左侧臀部】（支撑侧）不能塌陷，骨盆保持水平。\n【作用】增加单侧稳定性挑战。\n【错误】抬脚时骨盆歪斜或掉下来。\n【检查】可以在骨盆上放一本书，书不能掉。",
            "createdAt": "2026-01-09T08:00:00.000Z"
          },
          {
            "id": "s2_ex04",
            "name": "进阶臀桥（右侧）",
            "type": "reps",
            "reps": 9,
            "sets": 3,
            "setRest": 60,
            "description": "平躺屈膝，先做标准臀桥顶起。在顶峰位置，缓慢抬起【左脚】离开地面，保持骨盆水平2-3秒，放下左脚。\n\n【核心要点】【右侧臀部】（支撑侧）要强力收紧，稳住骨盆。\n【检查】确保左右两侧都能稳定控制。",
            "createdAt": "2026-01-09T08:00:00.000Z"
          },
          {
            "id": "s2_ex05",
            "name": "跪姿背部挺身",
            "type": "reps",
            "reps": 12,
            "sets": 2,
            "setRest": 60,
            "description": "俯卧（趴着），双手抱头。用腰部力量把上半身缓慢抬起，抬到舒适高度即可（不要抬太高），保持1秒，缓慢放下。\n\n【关键】是用【腰部】发力，不是用手臂撑起来！\n【作用】直接训练腰部肌肉力量。\n【高度】抬到能保持腰部舒适的高度，通常肩部离地10-15厘米即可。\n【错误】用脖子或手臂发力，或抬得太高挤压腰椎。\n【检查】如果第二天腰部酸痛，说明动作变形或抬太高了，请减量。",
            "createdAt": "2026-01-09T08:00:00.000Z"
          }
        ]
      }
    ],
    "activePlanId": "stage2_core_strength",
    "settings": {
      "voiceRate": 1.0,
      "voiceVolume": 1.0,
      "prepareTime": 10
    }
  }
}
