{
  "version": "1.0",
  "exportTime": "2026-01-09T08:00:00.000Z",
  "data": {
    "plans": [
      {
        "id": "stage3_consolidation",
        "name": "🏋️ 第三阶段：巩固与功能（4-12周）",
        "createdAt": "2026-01-09T08:00:00.000Z",
        "exercises": [
          {
            "id": "s3_ex01",
            "name": "标准平板支撑",
            "type": "duration",
            "duration": 30,
            "sets": 3,
            "setRest": 75,
            "description": "俯卧，前臂和脚尖支撑。手肘在肩膀正下方，收紧腹部和臀部，身体从头到脚后跟呈一条笔直钢板。眼看两手间地面。\n\n【铁律】一旦下背部（腰部）开始酸痛，说明核心力竭、姿势变形（塌腰），立即停止！\n【重点】宁可缩短5秒，不能牺牲姿势。不要憋气！\n【错误】臀部撅高（偷懒）或腰部塌陷（危险）。\n【检查】用镜子或录像从侧面看，身体必须是直线。\n【进阶】从能保持完美姿势的最长时间开始（如20秒），每周增加5秒。",
            "createdAt": "2026-01-09T08:00:00.000Z"
          },
          {
            "id": "s3_ex02",
            "name": "侧平板支撑（左侧）",
            "type": "duration",
            "duration": 30,
            "sets": 3,
            "setRest": 75,
            "description": "右侧躺，右前臂和右脚外侧支撑，右肘在肩下。收紧侧腰和臀部，抬起髋部，身体从头到脚成笔直斜线。左手可放髋部或向上伸直。\n\n【核心要点】不要让髋部向下掉！想象有绳子从天花板吊住你的髋部。\n【作用】强化侧向核心（腰方肌），防止侧向失稳。\n【错误】身体前倾或后倾，应保持肩和髋在一个垂直平面。\n【检查】如果髋部开始下沉，说明力竭，立即停止。",
            "createdAt": "2026-01-09T08:00:00.000Z"
          },
          {
            "id": "s3_ex03",
            "name": "侧平板支撑（右侧）",
            "type": "duration",
            "duration": 30,
            "sets": 3,
            "setRest": 75,
            "description": "左侧躺，左前臂和左脚外侧支撑，左肘在肩下。收紧侧腰和臀部，抬起髋部，身体成直线。右手可放髋部或向上伸。\n\n【核心要点】髋部不下掉，保持身体稳定。\n【检查】左右两侧时间应该接近，如差距大说明不对称。",
            "createdAt": "2026-01-09T08:00:00.000Z"
          },
          {
            "id": "s3_ex04",
            "name": "自重深蹲",
            "type": "reps",
            "reps": 12,
            "sets": 3,
            "setRest": 75,
            "description": "站立，双脚略宽于肩，脚尖稍向外。吸气，想象身后有椅子，臀部向后向下坐，保持腰背挺直。下蹲至大腿与地面平行或能保持背部挺直的最低位。呼气，用脚掌蹬地，臀部发力推回起始位。\n\n【铁律】背部必须是直的！如果开始含胸弓背，说明蹲太深了。\n【作用】训练全身协调和下肢力量，强化'用腿发力'的模式。\n【错误】1.膝盖内扣 2.脚后跟抬起 3.用腰站起来。\n【检查】膝盖始终与脚尖方向一致，重心在全脚掌，启动时臀部在发力。",
            "createdAt": "2026-01-09T08:00:00.000Z"
          },
          {
            "id": "s3_ex05",
            "name": "侧支撑抬髋（左侧）",
            "type": "reps",
            "reps": 10,
            "sets": 2,
            "setRest": 45,
            "description": "右侧卧，右手肘撑地。身体侧面成一条直线，不要前倾或后仰。反复上下抬起放下髋部，但不要让髋部完全落地。\n\n【重点】动态训练，有节奏地上下移动。\n【作用】动态侧向核心训练，比静态侧平板更有挑战。\n【错误】身体前后晃动，或完全落地失去张力。\n【幅度】髋部上到身体成直线，下到接近地面即可。",
            "createdAt": "2026-01-09T08:00:00.000Z"
          },
          {
            "id": "s3_ex06",
            "name": "侧支撑抬髋（右侧）",
            "type": "reps",
            "reps": 10,
            "sets": 2,
            "setRest": 45,
            "description": "左侧卧，左手肘撑地。身体成直线，反复上下抬起放下髋部。\n\n【重点】保持身体稳定，不前后晃动。\n【检查】左右两侧应该同样有挑战。",
            "createdAt": "2026-01-09T08:00:00.000Z"
          },
          {
            "id": "s3_ex07",
            "name": "小燕飞（改良版）",
            "type": "reps",
            "reps": 11,
            "sets": 2,
            "setRest": 60,
            "description": "俯卧，手脚伸直。缓慢抬起上半身和双臂，【腿只需离地即可，不要抬高】，保持1-2秒，缓慢放下。\n\n【关键】这是改良版，腿不抬高或只微微离地，避免过度挤压椎间盘！\n【作用】训练背部肌肉，增强后链力量。\n【错误】腿抬太高，会过度挤压腰椎。\n【检查】应该感觉上背部在发力，腰部不应有挤压痛。\n【安全】如感到腰部不适，只抬上半身，腿完全不抬。",
            "createdAt": "2026-01-09T08:00:00.000Z"
          }
        ]
      }
    ],
    "activePlanId": "stage3_consolidation",
    "settings": {
      "voiceRate": 1.0,
      "voiceVolume": 1.0,
      "prepareTime": 10
    }
  }
}
