{
  "version": "1.0",
  "exportTime": "2026-01-09T08:00:00.000Z",
  "data": {
    "plans": [
      {
        "id": "stage4_maintenance",
        "name": "🌟 第四阶段：终身维护（长期）",
        "createdAt": "2026-01-09T08:00:00.000Z",
        "exercises": [
          {
            "id": "s4_ex01",
            "name": "髋关节铰链",
            "type": "reps",
            "reps": 15,
            "sets": 2,
            "setRest": 60,
            "description": "站立，膝盖微曲，双手放大腿上。吸气，想象【用屁股去开身后的门】，臀部直直向后推，保持背部全程挺直，上半身自然前倾。呼气，收紧臀部向前顶，回到直立。\n\n【终极检查】拿根棍子竖直贴背后，应同时接触【头后、上背、尾骨】三点，动作中三点不离开！\n【重要性】这是您必须掌握的最重要生活技能！\n【应用】将它变成捡东西、洗脸、拿东西的唯一模式。\n【作用】教会您用臀腿而非腰椎来弯腰，保护腰椎一辈子。",
            "createdAt": "2026-01-09T08:00:00.000Z"
          },
          {
            "id": "s4_ex02",
            "name": "组合训练：死虫式",
            "type": "reps",
            "reps": 15,
            "sets": 2,
            "setRest": 60,
            "description": "从第一阶段经典动作，保持核心稳定性。平躺，腰部压实地面，对侧手脚下放。\n\n【维护作用】保持核心稳定性不退化。\n【要点】腰部全程贴地，动作慢而有控制。",
            "createdAt": "2026-01-09T08:00:00.000Z"
          },
          {
            "id": "s4_ex03",
            "name": "组合训练：臀桥",
            "type": "reps",
            "reps": 20,
            "sets": 2,
            "setRest": 60,
            "description": "经典臀桥，用臀部发力顶起，顶峰夹紧臀部。\n\n【维护作用】保持臀肌激活，为腰椎分担压力。\n【提示】这个动作永远不会过时，是终身的伙伴。",
            "createdAt": "2026-01-09T08:00:00.000Z"
          },
          {
            "id": "s4_ex04",
            "name": "组合训练：鸟狗式",
            "type": "reps",
            "reps": 15,
            "sets": 2,
            "setRest": 60,
            "description": "四足跪姿，对侧手脚伸直，躯干纹丝不动。\n\n【维护作用】保持抗旋转能力和平衡。\n【想象】背上的水杯不能洒。",
            "createdAt": "2026-01-09T08:00:00.000Z"
          },
          {
            "id": "s4_ex05",
            "name": "组合训练：平板支撑",
            "type": "duration",
            "duration": 45,
            "sets": 2,
            "setRest": 60,
            "description": "标准平板支撑，保持完美姿势。\n\n【维护作用】保持整体核心耐力。\n【提示】您现在应该能轻松坚持45-60秒了。",
            "createdAt": "2026-01-09T08:00:00.000Z"
          }
        ]
      }
    ],
    "activePlanId": "stage4_maintenance",
    "settings": {
      "voiceRate": 1.0,
      "voiceVolume": 1.0,
      "prepareTime": 10
    }
  }
}
